{
  "resourceType": "MedicationRequest",
  "id": "medxr003",
  "status":"active",
  "intent":"order",
  "medicationReference":{
  "reference": "Medication/179ac51cdcb-6b470b77-4330-416c-901c-81a0ab671f89",
  "display": "Prescribed medication"
  },
  "subject": {
    "reference": "Patient/patient11",
	"display": "jack"
	},
  "encounter":{
    "reference": "Encounter/1234",
	"display": "Encounter that leads to this prescription"
  },
  "authoredOn": "2015-06-17",
  "requester":{
  "reference": "Practitioner/12345",
  "display": "Adam"
  },
  "dosageInstruction":[{
  "sequence": 1,
  "text":"test"
  }]
}