{
  "swagger" : "2.0",
  "info" : {
    "title" : "FHIRAddMedicationService",
    "version" : "1.0.0",
    "description" : "FHIRAddMedicationService"
  },
  "paths" : {
    "/medidata" : {
      "post" : {
        "operationId" : "postMedidata",
        "responses" : {
          "200" : {
            "description" : "The operation was successful.",
            "schema" : {
              "$ref" : "#/definitions/response"
            }
          }
        },
        "consumes" : [ "application/json" ],
        "produces" : [ "application/json" ],
        "description" : "Insert a medidata",
        "parameters" : [ {
          "name" : "body",
          "in" : "body",
          "schema" : {
            "$ref" : "#/definitions/request"
          },
          "description" : "The request body for the operation",
          "required" : true
        } ]
      }
    }
  },
  "basePath" : "/fhiraddmedicationservice/v1",
  "definitions" : {
    "request" : {
      "type" : "object",
      "properties" : {
        "patientId" : {
          "type" : "string"
        },
        "practitionerId" : {
          "type" : "string"
        },
        "encounterId" : {
          "type" : "string"
        },
        "disease" : {
          "type" : "string"
        },
        "medicationDetails" : {
          "type" : "string"
        },
        "dosageInstruction" : {
          "type" : "string"
        }
      }
    },
    "response" : {
      "type" : "object",
      "properties" : {
        "message" : {
          "type" : "string"
        }
      }
    }
  }
}