{
  "swagger" : "2.0",
  "info" : {
    "title" : "FHIRMashupService",
    "version" : "1.0.0",
    "description" : "FHIRMashupService"
  },
  "paths" : {
    "/fhirdata" : {
      "get" : {
        "operationId" : "getFhirdata",
        "responses" : {
          "200" : {
            "description" : "The operation was successful.",
            "schema" : {
              "$ref" : "#/definitions/fhirmashupresponse"
            }
          }
        },
        "produces" : [ "application/json" ],
        "description" : "Retrieve fhirdata",
        "parameters" : [ {
          "name" : "identifier",
          "in" : "query",
          "type" : "string",
          "required" : true,
          "description" : "unique identifier of patient from source system. MR identity of the patient"
        } ]
      }
    },
    "/medicationdata" : {
      "get" : {
        "operationId" : "getMedicationdata",
        "responses" : {
          "200" : {
            "description" : "The operation was successful.",
            "schema" : {
              "$ref" : "#/definitions/medicationResponse"
            }
          }
        },
        "produces" : [ "application/json" ],
        "description" : "Retrieve medicationdata",
        "parameters" : [ {
          "name" : "identifier",
          "in" : "query",
          "type" : "string",
          "required" : true,
          "description" : "unique identifier of patient from source system. MR identity of"
        } ]
      }
    }
  },
  "basePath" : "/fhirmashupservice/v1",
  "definitions" : {
    "fhirmashupresponse" : {
      "type" : "object",
      "properties" : {
        "patient" : {
          "$ref" : "#/definitions/patient"
        },
        "observation" : {
          "$ref" : "#/definitions/observation"
        },
        "encounter" : {
          "$ref" : "#/definitions/encounter"
        },
        "allergyintolerance" : {
          "$ref" : "#/definitions/allergyintolerance"
        }
      }
    },
    "patient" : {
      "type" : "object",
      "properties" : {
        "id" : {
          "type" : "string"
        },
        "identifier" : {
          "type" : "string"
        },
        "lastUpdatedDate" : {
          "type" : "string"
        },
        "firstName" : {
          "type" : "string"
        },
        "lastName" : {
          "type" : "string"
        },
        "gender" : {
          "type" : "string"
        },
        "birthDate" : {
          "type" : "string"
        },
        "deceased" : {
          "type" : "boolean"
        },
        "disease" : {
          "type" : "string"
        },
        "mobile" : {
          "type" : "string"
        },
        "address" : {
          "type" : "array",
          "items" : {
            "$ref" : "#/definitions/address"
          }
        }
      }
    },
    "observation" : {
      "type" : "object",
      "properties" : {
        "id" : {
          "type" : "string"
        },
        "category" : {
          "type" : "string"
        },
        "description" : {
          "type" : "string"
        },
        "effectiveDateTime" : {
          "type" : "string"
        },
        "valueQuantity" : {
          "$ref" : "#/definitions/valueQuantity"
        }
      }
    },
    "encounter" : {
      "type" : "object",
      "properties" : {
        "id" : {
          "type" : "string"
        },
        "location" : {
          "$ref" : "#/definitions/location"
        },
        "status" : {
          "type" : "string"
        },
        "period" : {
          "$ref" : "#/definitions/period"
        },
        "practitioner" : {
          "$ref" : "#/definitions/practitioner"
        }
      }
    },
    "allergyintolerance" : {
      "type" : "object",
      "properties" : {
        "id" : {
          "type" : "string"
        },
        "type" : {
          "type" : "string"
        },
        "category" : {
          "type" : "string"
        },
        "criticality" : {
          "type" : "string"
        },
        "onsetdatetime" : {
          "type" : "string"
        },
        "recordedDate" : {
          "type" : "string"
        },
        "recorderReference" : {
          "type" : "string"
        },
        "asserterReference" : {
          "type" : "string"
        },
        "lastOccurrence" : {
          "type" : "string"
        },
        "reaction" : {
          "$ref" : "#/definitions/reaction"
        }
      }
    },
    "valueQuantity" : {
      "type" : "object",
      "properties" : {
        "value" : {
          "type" : "number"
        },
        "unit" : {
          "type" : "string"
        },
        "system" : {
          "type" : "string"
        },
        "code" : {
          "type" : "array",
          "items" : {
            "type" : "string"
          }
        }
      }
    },
    "location" : {
      "type" : "object",
      "properties" : {
        "reference" : {
          "type" : "string"
        },
        "description" : {
          "type" : "string"
        }
      }
    },
    "period" : {
      "type" : "object",
      "properties" : {
        "start" : {
          "type" : "string"
        },
        "end" : {
          "type" : "string"
        }
      }
    },
    "practitioner" : {
      "type" : "object",
      "properties" : {
        "reference" : {
          "type" : "string"
        },
        "name" : {
          "type" : "string"
        }
      }
    },
    "reaction" : {
      "type" : "object",
      "properties" : {
        "testSubstance" : {
          "type" : "string"
        },
        "description" : {
          "type" : "string"
        },
        "onset" : {
          "type" : "string"
        },
        "severity" : {
          "type" : "string"
        }
      }
    },
    "address" : {
      "type" : "object",
      "properties" : {
        "use" : {
          "type" : "string"
        },
        "type" : {
          "type" : "string"
        },
        "text" : {
          "type" : "string"
        },
        "line" : {
          "type" : "array",
          "items" : {
            "type" : "string"
          }
        },
        "city" : {
          "type" : "string"
        },
        "state" : {
          "type" : "string"
        },
        "district" : {
          "type" : "string"
        },
        "postalCode" : {
          "type" : "string"
        }
      }
    },
    "medicationreference" : {
      "type" : "object",
      "properties" : {
        "reference" : {
          "type" : "string"
        },
        "display" : {
          "type" : "string"
        },
        "medicineName" : {
          "type" : "string"
        }
      }
    },
    "dosageInstructions" : {
      "type" : "object",
      "properties" : {
        "sequence" : {
          "type" : "integer"
        },
        "text" : {
          "type" : "string"
        }
      }
    },
    "medication" : {
      "type" : "object",
      "properties" : {
        "id" : {
          "type" : "string"
        },
        "status" : {
          "type" : "string"
        },
        "medicationReference" : {
          "$ref" : "#/definitions/medicationreference"
        },
        "practitioner" : {
          "$ref" : "#/definitions/practitioner"
        },
        "encounter" : {
          "type" : "object",
          "properties" : {
            "reference" : {
              "type" : "string"
            }
          }
        },
        "authoredOn" : {
          "type" : "string"
        },
        "disease" : {
          "type" : "string"
        },
        "dosageInstruction" : {
          "$ref" : "#/definitions/dosageInstructions"
        }
      }
    },
    "medicationResponse" : {
      "type" : "object",
      "properties" : {
        "patient" : {
          "$ref" : "#/definitions/patient"
        },
        "medication" : {
          "$ref" : "#/definitions/medication"
        }
      }
    }
  }
}